日期,时间,玩家,触发,插件版本,包内文件(不含截图)
20260914,153424,玩家D,nolock,1.21.0,ad_20260914_153049.log
20260914,162254,玩家D,draft,1.21.0,ad_20260914_153928.log;trace_20260914081457.jsonl;trace_20260914073522.jsonl
20260914,164816,玩家D,nolock,1.21.0,ad_20260914_153928.log
20260914,170138,玩家D,draft,1.21.0,ad_20260914_153928.log;trace_20260914085343.jsonl
20260914,173719,玩家D,nolock,1.21.0,ad_20260914_153928.log
20260914,174519,玩家D,nolock,1.21.0,ad_20260914_153928.log
20260914,223957,玩家D,abnormal,1.22.0,ad_20260914_223628.log;trace_20260914143634.jsonl
20260914,225850,玩家D,nolock,1.22.0,ad_20260914_223628.log
20260914,231054,玩家D,nolock,1.22.0,ad_20260914_223628.log
20260914,232640,玩家D,draft,1.22.0,ad_20260914_231651.log;trace_20260914151857.jsonl
20260914,234147,玩家D,nolock,1.22.0,ad_20260914_231651.log
20260915,000614,玩家D,nolock,1.22.0,ad_20260914_231651.log
20260915,084946,玩家D,nolock,1.22.0,ad_20260914_231651.log
20260915,090419,玩家D,draft,1.22.0,ad_20260914_231651.log;trace_20260915005622.jsonl
20260915,091146,玩家D,nolock,1.22.0,ad_20260914_231651.log
20260915,092405,玩家D,draft,1.22.0,ad_20260914_231651.log;trace_20260915011628.jsonl
20260915,093115,玩家D,nolock,1.22.0,ad_20260914_231651.log
20260915,093709,玩家D,nolock,1.22.0,ad_20260914_231651.log
20260915,095631,玩家D,nolock,1.22.0,ad_20260914_231651.log
20260915,103748,玩家D,nolock,1.21.0,ad_20260915_102654.log
20260915,105455,玩家D,draft,1.21.0,ad_20260915_102654.log;trace_20260915024642.jsonl
20260915,110856,玩家D,nolock,1.21.0,ad_20260915_102654.log
20260915,112649,玩家D,nolock,1.21.0,ad_20260915_102654.log
20260915,113715,玩家D,nolock,1.21.0,ad_20260915_102654.log
20260915,122500,玩家D,nolock,1.21.0,ad_20260915_102654.log
20260915,123421,玩家D,draft,1.21.0,ad_20260915_102654.log;trace_20260915042620.jsonl
20260915,124735,玩家D,nolock,1.21.0,ad_20260915_102654.log
20260915,125855,玩家D,nolock,1.21.0,ad_20260915_102654.log
20260915,130846,玩家D,nolock,1.21.0,ad_20260915_102654.log
20260915,132805,玩家D,draft,1.21.0,ad_20260915_102654.log;trace_20260915052004.jsonl
20260915,154642,玩家D,draft,1.26.0,ad_20260915_153511.log;trace_20260915073953.jsonl;trace_20260915073846.jsonl
20260915,170543,玩家D,draft,1.26.0,ad_20260915_153511.log;trace_20260915085742.jsonl;trace_20260915081347.jsonl
20260915,201940,玩家A,nolock,1.27.0,ad_20260915_195817.log
20260915,204822,玩家D,nolock,1.26.0,ad_20260915_153511.log
20260915,205025,玩家A,nolock,1.27.0,ad_20260915_195817.log
20260915,213432,玩家D,nolock,1.26.0,ad_20260915_213006.log
20260915,215015,玩家D,draft,1.26.0,ad_20260915_213006.log;trace_20260915134213.jsonl
20260915,223149,玩家D,draft,1.26.0,ad_20260915_213006.log;trace_20260915142351.jsonl
20260915,224604,玩家D,nolock,1.26.0,ad_20260915_213006.log
20260915,230520,玩家D,abnormal,1.26.0,ad_20260915_213006.log;trace_20260915145723.jsonl
20260915,230522,玩家A,draft,1.27.0,ad_20260915_195817.log;trace_20260915145721.jsonl;trace_20260915142355.jsonl;trace_20260915134212.jsonl
20260915,233155,玩家A,nolock,1.27.0,ad_20260915_195817.log
20260915,233941,玩家D,nolock,1.26.0,ad_20260915_213006.log
20260915,234624,玩家D,nolock,1.26.0,ad_20260915_213006.log
20260915,234642,玩家A,nolock,1.27.0,ad_20260915_195817.log
20260916,105350,玩家D,nolock,1.26.0,ad_20260916_104458.log
20260916,110334,玩家D,draft,1.26.0,ad_20260916_104458.log;trace_20260916025537.jsonl
20260916,110857,玩家D,nolock,1.26.0,ad_20260916_104458.log
20260916,111625,玩家D,nolock,1.26.0,ad_20260916_104458.log
20260916,113826,玩家D,nolock,1.26.0,ad_20260916_104458.log
20260916,115459,玩家D,abnormal,1.26.0,ad_20260916_104458.log;trace_20260916035039.jsonl
20260916,125520,玩家D,draft,1.26.0,ad_20260916_124700.log;trace_20260916044713.jsonl
20260916,130751,玩家D,nolock,1.26.0,ad_20260916_124700.log
20260916,132410,玩家D,draft,1.26.0,ad_20260916_124700.log;trace_20260916051613.jsonl
20260916,133715,玩家D,nolock,1.26.0,ad_20260916_124700.log
20260916,135942,玩家D,nolock,1.26.0,ad_20260916_124700.log
20260916,141711,玩家D,draft,1.26.0,ad_20260916_124700.log;trace_20260916060909.jsonl
20260916,150143,玩家D,abnormal,1.26.0,ad_20260916_124700.log;trace_20260916065346.jsonl
20260916,150720,玩家D,nolock,1.26.0,ad_20260916_124700.log
20260916,151837,玩家D,nolock,1.26.0,ad_20260916_124700.log
20260916,152516,玩家D,nolock,1.26.0,ad_20260916_124700.log
20260916,153957,玩家D,abnormal,1.26.0,ad_20260916_124700.log;trace_20260916073200.jsonl
20260916,162733,玩家D,nolock,1.26.0,ad_20260916_124700.log
20260916,211003,玩家A,draft,1.27.0,ad_20260916_205243.log;trace_20260916130224.jsonl
20260916,211020,玩家E,draft,1.27.0,ad_20260916_205835.log;trace_20260916130330.jsonl
20260916,212228,玩家E,nolock,1.27.0,ad_20260916_205835.log
20260916,212239,玩家A,nolock,1.27.0,ad_20260916_205243.log
20260916,215319,玩家A,draft,1.27.0,ad_20260916_205243.log;trace_20260916134525.jsonl
20260916,215323,玩家D,draft,1.26.0,ad_20260916_214137.log;trace_20260916134524.jsonl
20260916,215411,玩家E,draft,1.27.0,ad_20260916_205835.log;trace_20260916134633.jsonl
20260916,220716,玩家D,nolock,1.26.0,ad_20260916_214137.log
20260916,221715,玩家A,nolock,1.27.0,ad_20260916_205243.log
20260916,222037,玩家E,nolock,1.27.0,ad_20260916_205835.log
20260916,222625,玩家A,nolock,1.27.0,ad_20260916_205243.log
20260916,222626,玩家E,nolock,1.27.0,ad_20260916_205835.log
20260916,223126,玩家D,nolock,1.26.0,ad_20260916_214137.log
20260916,223959,玩家A,draft,1.27.0,ad_20260916_205243.log;trace_20260916143243.jsonl
20260916,224038,玩家D,draft,1.26.0,ad_20260916_214137.log;trace_20260916143239.jsonl
20260916,224944,玩家D,nolock,1.26.0,ad_20260916_214137.log
20260916,230621,玩家A,nolock,1.27.0,ad_20260916_205243.log
20260916,232637,玩家A,abnormal,1.27.0,ad_20260916_205243.log;trace_20260916151842.jsonl
20260916,232638,玩家D,draft,1.26.0,ad_20260916_214137.log;trace_20260916151845.jsonl
20260916,232732,玩家F,draft,1.27.0,ad_20260916_231119.log;trace_20260916151836.jsonl
20260916,233209,玩家A,nolock,1.27.0,ad_20260916_205243.log
20260916,233259,玩家D,nolock,1.26.0,ad_20260916_214137.log
20260916,234117,玩家A,nolock,1.27.0,ad_20260916_205243.log
20260916,234242,玩家E,nolock,1.27.0,ad_20260916_205835.log;trace_20260916151943.jsonl;trace_20260916143342.jsonl
20260916,234921,玩家A,nolock,1.27.0,ad_20260916_205243.log
20260916,235857,玩家D,nolock,1.26.0,ad_20260916_214137.log
20260917,112820,玩家D,draft,1.26.0,ad_20260917_112025.log;trace_20260917032031.jsonl
20260917,114057,玩家D,nolock,1.26.0,ad_20260917_112025.log
20260917,115113,玩家D,draft,1.26.0,ad_20260917_112025.log;trace_20260917034314.jsonl
20260917,121313,玩家D,nolock,1.26.0,ad_20260917_112025.log
20260917,122644,玩家D,nolock,1.26.0,ad_20260917_112025.log
20260917,132825,玩家D,draft,1.26.0,ad_20260917_112025.log;trace_20260917052025.jsonl
20260917,133511,玩家D,nolock,1.26.0,ad_20260917_112025.log
20260917,134452,玩家D,nolock,1.26.0,ad_20260917_112025.log
20260917,141615,玩家D,draft,1.26.0,ad_20260917_112025.log;trace_20260917061013.jsonl
20260917,142535,玩家D,abnormal,1.26.0,ad_20260917_112025.log;trace_20260917061737.jsonl
20260917,143930,玩家D,nolock,1.26.0,ad_20260917_112025.log
20260917,144917,玩家D,nolock,1.26.0,ad_20260917_112025.log
20260917,150239,玩家D,abnormal,1.26.0,ad_20260917_112025.log;trace_20260917065439.jsonl
20260917,154852,玩家D,nolock,1.26.0,ad_20260917_112025.log
20260917,160512,玩家D,abnormal,1.26.0,ad_20260917_112025.log;trace_20260917075711.jsonl
20260917,161540,玩家D,abnormal,1.26.0,ad_20260917_112025.log;trace_20260917080758.jsonl
20260917,171539,玩家D,abnormal,1.26.0,ad_20260917_112025.log;trace_20260917090738.jsonl
20260917,175030,玩家D,nolock,1.26.0,ad_20260917_112025.log
20260917,175821,玩家D,nolock,1.26.0,ad_20260917_112025.log
20260917,181606,玩家G,nolock,1.27.0,ad_20260917_181053.log
20260917,181719,玩家D,abnormal,1.26.0,ad_20260917_112025.log;trace_20260917100918.jsonl;trace_20260917100025.jsonl
20260917,182541,玩家G,nolock,1.27.0,ad_20260917_181053.log
20260917,185011,玩家G,nolock,1.27.0,ad_20260917_181053.log
20260917,214509,玩家A,draft,1.27.0,ad_20260917_213518.log;trace_20260917133715.jsonl
20260917,214510,玩家D,draft,1.26.0,ad_20260917_213756.log;trace_20260917133802.jsonl
20260917,221718,玩家A,nolock,1.27.0,ad_20260917_213518.log
20260917,222023,玩家D,nolock,1.26.0,ad_20260917_213756.log
20260917,224051,玩家D,nolock,1.26.0,ad_20260917_213756.log
20260917,224615,玩家D,nolock,1.26.0,ad_20260917_213756.log
20260917,225450,玩家A,draft,1.29.0,ad_20260917_222837.log;trace_20260917144658.jsonl
20260917,225451,玩家D,draft,1.26.0,ad_20260917_213756.log;trace_20260917144654.jsonl
20260917,230152,玩家D,nolock,1.26.0,ad_20260917_213756.log
20260917,231929,玩家F,nolock,1.27.0,ad_20260917_213352.log;trace_20260917133708.jsonl
20260917,232014,玩家A,nolock,1.29.0,ad_20260917_222837.log
20260917,232105,玩家D,nolock,1.26.0,ad_20260917_213756.log
20260917,232645,玩家D,nolock,1.26.0,ad_20260917_213756.log
20260917,233046,玩家F,nolock,1.29.0,ad_20260917_232737.log
20260917,233934,玩家D,draft,1.26.0,ad_20260917_213756.log;trace_20260917153134.jsonl
20260917,233953,玩家A,draft,1.29.0,ad_20260917_222837.log;trace_20260917153139.jsonl
20260917,234112,玩家E,draft,1.29.0,ad_20260917_233011.log;trace_20260917153240.jsonl
20260917,234119,玩家H,draft,1.29.0,ad_20260917_232701.log;trace_20260917153134.jsonl
20260917,235037,玩家F,nolock,1.29.0,ad_20260917_232737.log
20260917,235240,玩家H,nolock,1.29.0,ad_20260917_232701.log
20260918,000620,玩家A,nolock,1.29.0,ad_20260917_222837.log
20260918,001816,玩家D,draft,1.26.0,ad_20260917_213756.log;trace_20260917161016.jsonl
20260918,001816,玩家E,draft,1.29.0,ad_20260917_233011.log;trace_20260917161122.jsonl
20260918,001818,玩家F,draft,1.29.0,ad_20260917_232737.log;trace_20260917161014.jsonl
20260918,001820,玩家H,draft,1.29.0,ad_20260917_232701.log;trace_20260917161018.jsonl
20260918,001827,玩家I,draft,1.29.0,ad_20260918_001208.log;trace_20260917161223.jsonl;trace_20260917161015.jsonl
20260918,002535,玩家A,nolock,1.29.0,ad_20260917_222837.log
20260918,003306,玩家F,nolock,1.29.0,ad_20260917_232737.log
20260918,003408,玩家I,nolock,1.29.0,ad_20260918_001208.log
20260918,003410,玩家H,nolock,1.29.0,ad_20260917_232701.log
20260918,005323,玩家H,nolock,1.29.0,ad_20260917_232701.log
20260918,005612,玩家F,nolock,1.29.0,ad_20260917_232737.log
20260918,010224,玩家H,nolock,1.29.0,ad_20260917_232701.log
20260918,102103,玩家H,draft,1.29.0,ad_20260918_100848.log;trace_20260918021259.jsonl
20260918,110823,玩家H,draft,1.29.0,ad_20260918_100848.log;trace_20260918030022.jsonl
20260918,111330,玩家H,nolock,1.29.0,ad_20260918_100848.log
20260918,112134,玩家I,nolock,1.30.0,ad_20260918_111536.log
20260918,113107,玩家H,nolock,1.29.0,ad_20260918_100848.log
20260918,113835,玩家D,nolock,1.30.0,ad_20260918_105529.log;trace_20260918030023.jsonl
20260918,113855,玩家I,nolock,1.30.0,ad_20260918_111536.log
20260918,114035,玩家H,nolock,1.29.0,ad_20260918_100848.log
20260918,114753,玩家D,nolock,1.30.0,ad_20260918_105529.log
20260918,115149,玩家I,nolock,1.30.0,ad_20260918_111536.log
20260918,115648,玩家D,draft,1.30.0,ad_20260918_105529.log;trace_20260918034959.jsonl
20260918,115758,玩家H,draft,1.29.0,ad_20260918_100848.log;trace_20260918035000.jsonl
20260918,120824,玩家H,nolock,1.29.0,ad_20260918_100848.log
20260918,121549,玩家H,nolock,1.29.0,ad_20260918_100848.log
20260918,122114,玩家D,nolock,1.30.0,ad_20260918_105529.log
20260918,122832,玩家H,nolock,1.29.0,ad_20260918_100848.log
20260918,122951,玩家D,nolock,1.30.0,ad_20260918_105529.log
20260918,124617,玩家H,nolock,1.29.0,ad_20260918_100848.log
20260918,141729,玩家D,nolock,1.30.0,ad_20260918_105529.log
20260918,172216,玩家H,nolock,1.29.0,ad_20260918_100848.log
20260918,174614,玩家H,nolock,1.29.0,ad_20260918_100848.log
20260918,182836,玩家H,nolock,1.29.0,ad_20260918_100848.log
20260918,185200,玩家H,nolock,1.29.0,ad_20260918_100848.log
20260918,202314,玩家F,nolock,1.32.0,ad_20260918_201328.log
20260918,202407,玩家J,nolock,1.32.0,ad_20260918_201746.log
20260918,203528,玩家E,draft,1.30.0,ad_20260918_200016.log;trace_20260918122836.jsonl;trace_20260918120328.jsonl
20260918,203529,玩家F,draft,1.32.0,ad_20260918_201328.log;trace_20260918122725.jsonl
20260918,203632,玩家A,draft,1.32.0,ad_20260918_200908.log;trace_20260918122726.jsonl
20260918,204751,玩家H,nolock,1.29.0,ad_20260918_100848.log
20260918,204902,玩家F,nolock,1.32.0,ad_20260918_201328.log
20260918,205116,玩家D,nolock,1.30.0,ad_20260918_204110.log
20260918,210155,玩家H,nolock,1.29.0,ad_20260918_100848.log
20260918,210616,玩家A,nolock,1.32.0,ad_20260918_200908.log
20260918,211238,玩家H,nolock,1.32.0,ad_20260918_210737.log
20260918,211818,玩家F,nolock,1.32.0,ad_20260918_201328.log
20260918,212641,玩家A,draft,1.32.0,ad_20260918_200908.log;trace_20260918131844.jsonl
20260918,212746,玩家E,draft,1.30.0,ad_20260918_200016.log;trace_20260918131954.jsonl
20260918,212827,玩家F,draft,1.32.0,ad_20260918_201328.log;trace_20260918131843.jsonl
20260918,213344,玩家D,nolock,1.30.0,ad_20260918_204110.log
20260918,215151,玩家A,nolock,1.32.0,ad_20260918_200908.log
20260918,215655,玩家D,nolock,1.30.0,ad_20260918_204110.log
20260918,215855,玩家E,nolock,1.30.0,ad_20260918_200016.log
20260918,220016,玩家H,nolock,1.32.0,ad_20260918_210737.log;trace_20260918131921.jsonl;trace_20260918131847.jsonl
20260918,220210,玩家A,draft,1.32.0,ad_20260918_200908.log;trace_20260918140204.jsonl;trace_20260918140110.jsonl
20260918,220630,玩家D,nolock,1.30.0,ad_20260918_204110.log
20260918,220907,玩家A,draft,1.32.0,ad_20260918_200908.log;trace_20260918140204.jsonl
20260918,221254,玩家H,nolock,1.32.0,ad_20260918_210737.log;trace_20260918140109.jsonl
20260918,221306,玩家E,nolock,1.30.0,ad_20260918_200016.log;trace_20260918140217.jsonl
20260918,221940,玩家D,nolock,1.30.0,ad_20260918_204110.log
20260918,221945,玩家E,nolock,1.30.0,ad_20260918_200016.log
20260918,222225,玩家H,nolock,1.32.0,ad_20260918_210737.log
20260918,223100,玩家D,nolock,1.30.0,ad_20260918_204110.log
20260918,223946,玩家A,draft,1.32.0,ad_20260918_200908.log;trace_20260918143150.jsonl
20260918,224019,玩家H,draft,1.32.0,ad_20260918_210737.log;trace_20260918143147.jsonl
20260918,224029,玩家E,draft,1.30.0,ad_20260918_200016.log;trace_20260918143254.jsonl
20260918,230034,玩家A,nolock,1.32.0,ad_20260918_200908.log
20260918,230157,玩家D,nolock,1.30.0,ad_20260918_204110.log
20260918,230309,玩家H,nolock,1.32.0,ad_20260918_210737.log
20260918,230328,玩家E,nolock,1.30.0,ad_20260918_200016.log
20260918,231342,玩家K,nolock,1.32.0,ad_20260918_231036.log
20260918,231838,玩家A,nolock,1.32.0,ad_20260918_200908.log
20260918,233411,玩家A,draft,1.33.0,ad_20260918_232117.log;trace_20260918152622.jsonl
20260918,233419,玩家D,draft,1.30.0,ad_20260918_204110.log;trace_20260918152630.jsonl
20260918,233422,玩家E,draft,1.33.0,ad_20260918_232539.log;trace_20260918152726.jsonl
20260918,233423,玩家H,abnormal,1.32.0,ad_20260918_210737.log;trace_20260918152621.jsonl
20260918,233533,玩家K,draft,1.32.0,ad_20260918_231036.log;trace_20260918152613.jsonl
20260918,234525,玩家E,nolock,1.33.0,ad_20260918_232539.log
20260918,234643,玩家A,nolock,1.33.0,ad_20260918_232117.log
20260918,234712,玩家D,nolock,1.30.0,ad_20260918_204110.log
20260918,234757,玩家H,nolock,1.32.0,ad_20260918_210737.log
20260919,000905,玩家H,nolock,1.32.0,ad_20260918_210737.log
20260919,000956,玩家A,nolock,1.33.0,ad_20260918_232117.log
20260919,001020,玩家E,nolock,1.33.0,ad_20260918_232539.log
20260919,001936,玩家G,manual,1.27.0,ad_20260919_001327.log;trace_20260918161403.jsonl
20260919,002035,玩家G,abnormal,1.27.0,ad_20260919_001327.log;trace_20260918161403.jsonl
20260919,002322,玩家D,abnormal,1.30.0,ad_20260918_204110.log;trace_20260918161759.jsonl
20260919,002558,玩家K,abnormal,1.32.0,ad_20260918_231036.log;trace_20260918161838.jsonl
20260919,002558,玩家A,draft,1.33.0,ad_20260918_232117.log;trace_20260918161805.jsonl
20260919,002559,玩家E,draft,1.33.0,ad_20260918_232539.log;trace_20260918161905.jsonl
20260919,002559,玩家H,abnormal,1.32.0,ad_20260918_210737.log;trace_20260918161803.jsonl
20260919,002646,玩家G,nolock,1.27.0,ad_20260919_001327.log
20260919,002929,玩家D,nolock,1.30.0,ad_20260918_204110.log
20260919,003530,玩家E,nolock,1.33.0,ad_20260918_232539.log
20260919,003751,玩家A,nolock,1.33.0,ad_20260918_232117.log
20260919,004134,玩家D,nolock,1.30.0,ad_20260918_204110.log
20260919,004258,玩家A,nolock,1.33.0,ad_20260918_232117.log
20260919,005526,玩家G,nolock,1.27.0,ad_20260919_001327.log
20260919,010726,玩家D,draft,1.30.0,ad_20260919_005939.log;trace_20260918165944.jsonl
20260919,010726,玩家A,draft,1.33.0,ad_20260918_232117.log;trace_20260918165932.jsonl
20260919,010726,玩家H,abnormal,1.32.0,ad_20260918_210737.log;trace_20260918165930.jsonl
20260919,010728,玩家K,abnormal,1.32.0,ad_20260918_231036.log;trace_20260918170033.jsonl
20260919,010728,玩家E,draft,1.33.0,ad_20260918_232539.log;trace_20260918170035.jsonl
20260919,012146,玩家A,nolock,1.33.0,ad_20260918_232117.log
20260919,012147,玩家D,nolock,1.30.0,ad_20260919_005939.log
20260919,013046,玩家K,nolock,1.32.0,ad_20260918_231036.log
20260919,014204,玩家A,nolock,1.33.0,ad_20260918_232117.log
20260919,014211,玩家E,nolock,1.33.0,ad_20260918_232539.log
20260919,015134,玩家K,nolock,1.32.0,ad_20260918_231036.log
20260919,015153,玩家H,nolock,1.32.0,ad_20260918_210737.log
20260919,153343,玩家D,nolock,1.33.0,ad_20260919_145350.log
20260919,154410,玩家G,abnormal,1.33.0,ad_20260919_153549.log;trace_20260919074023.jsonl
20260919,154837,玩家D,draft,1.33.0,ad_20260919_145350.log;trace_20260919074026.jsonl
20260919,155208,玩家G,nolock,1.33.0,ad_20260919_153549.log
20260919,160058,玩家D,nolock,1.33.0,ad_20260919_145350.log
20260919,160837,玩家D,nolock,1.33.0,ad_20260919_145350.log
20260919,160839,玩家G,nolock,1.33.0,ad_20260919_153549.log
20260919,161614,玩家G,nolock,1.33.0,ad_20260919_153549.log
20260919,161616,玩家D,nolock,1.33.0,ad_20260919_145350.log
20260919,163116,玩家H,draft,1.34.0,ad_20260919_161409.log;trace_20260919082319.jsonl
20260919,170647,玩家H,nolock,1.34.0,ad_20260919_161409.log
20260919,171914,玩家H,draft,1.34.0,ad_20260919_161409.log;trace_20260919091112.jsonl
20260919,171918,玩家D,draft,1.33.0,ad_20260919_145350.log;trace_20260919091110.jsonl;trace_20260919082313.jsonl
20260919,171919,玩家A,draft,1.34.0,ad_20260919_161402.log;trace_20260919091117.jsonl
20260919,172830,玩家A,nolock,1.34.0,ad_20260919_161402.log
20260919,173156,玩家H,nolock,1.34.0,ad_20260919_161409.log
20260919,175111,玩家D,nolock,1.33.0,ad_20260919_145350.log
20260919,175217,玩家H,nolock,1.34.0,ad_20260919_161409.log
20260919,175234,玩家A,nolock,1.34.0,ad_20260919_161402.log
20260919,180100,玩家H,nolock,1.34.0,ad_20260919_161409.log
20260919,180422,玩家D,nolock,1.33.0,ad_20260919_145350.log
20260919,181222,玩家H,nolock,1.34.0,ad_20260919_161409.log
20260919,184557,玩家H,nolock,1.34.0,ad_20260919_161409.log
20260919,191652,玩家A,nolock,1.34.0,ad_20260919_161402.log
20260919,195452,玩家A,nolock,1.35.0,ad_20260919_194527.log
20260919,200551,玩家A,nolock,1.35.0,ad_20260919_194527.log
20260919,201902,玩家A,nolock,1.35.0,ad_20260919_194527.log
20260919,204454,玩家A,draft,1.35.0,ad_20260919_203714.log;trace_20260919123720.jsonl
20260919,204458,玩家H,draft,1.35.0,ad_20260919_201841.log;trace_20260919123709.jsonl
20260919,204459,玩家E,draft,1.35.0,ad_20260919_203347.log;trace_20260919123804.jsonl
20260919,205352,玩家H,nolock,1.35.0,ad_20260919_201841.log
20260919,205735,玩家A,nolock,1.35.0,ad_20260919_203714.log
20260919,210825,玩家E,nolock,1.35.0,ad_20260919_203347.log
20260919,210849,玩家A,nolock,1.35.0,ad_20260919_203714.log
20260919,210939,玩家H,nolock,1.35.0,ad_20260919_201841.log
20260919,211704,玩家H,nolock,1.35.0,ad_20260919_201841.log
20260919,213918,玩家H,nolock,1.35.0,ad_20260919_201841.log
20260919,220625,玩家A,draft,1.35.0,ad_20260919_203714.log;trace_20260919135754.jsonl
20260919,220700,玩家H,draft,1.35.0,ad_20260919_201841.log;trace_20260919135751.jsonl
20260919,220706,玩家E,draft,1.35.0,ad_20260919_203347.log;trace_20260919135857.jsonl
20260919,222942,玩家E,nolock,1.35.0,ad_20260919_203347.log
20260919,223059,玩家H,nolock,1.35.0,ad_20260919_201841.log
20260919,223130,玩家A,nolock,1.35.0,ad_20260919_203714.log
20260919,224432,玩家H,nolock,1.35.0,ad_20260919_201841.log
20260919,224453,玩家A,nolock,1.35.0,ad_20260919_203714.log
20260919,224823,玩家E,nolock,1.35.0,ad_20260919_203347.log
20260919,230928,玩家A,draft,1.35.0,ad_20260919_203714.log;trace_20260919150132.jsonl
20260919,230930,玩家E,draft,1.35.0,ad_20260919_203347.log;trace_20260919150233.jsonl
20260919,230940,玩家K,draft,1.32.0,ad_20260919_225414.log;trace_20260919150131.jsonl
20260919,230948,玩家H,draft,1.35.0,ad_20260919_201841.log;trace_20260919150127.jsonl
20260919,231630,玩家H,nolock,1.35.0,ad_20260919_201841.log
20260919,231726,玩家A,nolock,1.35.0,ad_20260919_203714.log
20260919,232243,玩家A,nolock,1.35.0,ad_20260919_203714.log
20260919,232558,玩家H,nolock,1.35.0,ad_20260919_201841.log
20260919,234935,玩家H,nolock,1.35.0,ad_20260919_201841.log
20260920,000822,玩家H,nolock,1.35.0,ad_20260919_201841.log
20260920,104855,玩家D,nolock,1.35.0,ad_20260920_103258.log
20260920,105918,玩家D,nolock,1.35.0,ad_20260920_103258.log
20260920,110511,玩家D,nolock,1.35.0,ad_20260920_103258.log
20260920,110523,玩家H,nolock,1.35.0,ad_20260920_103439.log
20260920,111848,玩家A,draft,1.35.0,ad_20260920_105931.log;trace_20260920031048.jsonl
20260920,111851,玩家F,draft,1.35.0,ad_20260920_110731.log;trace_20260920031048.jsonl
20260920,111857,玩家D,draft,1.35.0,ad_20260920_111117.log;trace_20260920031122.jsonl;trace_20260920031054.jsonl
20260920,111936,玩家H,draft,1.35.0,ad_20260920_103439.log;trace_20260920031052.jsonl
20260920,112446,玩家F,nolock,1.35.0,ad_20260920_110731.log
20260920,113124,玩家D,nolock,1.35.0,ad_20260920_111117.log
20260920,113155,玩家H,nolock,1.35.0,ad_20260920_103439.log
20260920,113245,玩家F,nolock,1.35.0,ad_20260920_110731.log
20260920,114518,玩家D,nolock,1.35.0,ad_20260920_111117.log
20260920,115511,玩家D,nolock,1.35.0,ad_20260920_111117.log
20260920,115653,玩家H,nolock,1.35.0,ad_20260920_103439.log
20260920,120945,玩家H,nolock,1.35.0,ad_20260920_103439.log
20260920,122500,玩家H,nolock,1.35.0,ad_20260920_103439.log
20260920,122950,玩家A,nolock,1.35.0,ad_20260920_105931.log
20260920,123208,玩家F,nolock,1.35.0,ad_20260920_110731.log
20260920,123912,玩家A,nolock,1.35.0,ad_20260920_105931.log
20260920,124430,玩家H,nolock,1.35.0,ad_20260920_103439.log
20260920,124812,玩家A,nolock,1.35.0,ad_20260920_105931.log
20260920,125439,玩家A,nolock,1.35.0,ad_20260920_105931.log
20260920,130844,玩家F,nolock,1.35.0,ad_20260920_110731.log
20260920,133734,玩家F,nolock,1.35.0,ad_20260920_110731.log
20260920,140545,玩家F,nolock,1.35.0,ad_20260920_110731.log
20260920,142404,玩家A,draft,1.35.0,ad_20260920_105931.log;trace_20260920061629.jsonl
20260920,142521,玩家D,abnormal,1.35.0,ad_20260920_111117.log;trace_20260920061627.jsonl
20260920,150004,玩家D,nolock,1.35.0,ad_20260920_111117.log
20260920,150058,玩家A,nolock,1.35.0,ad_20260920_105931.log
20260920,151138,玩家A,draft,1.35.0,ad_20260920_105931.log;trace_20260920070343.jsonl
20260920,151140,玩家F,draft,1.35.0,ad_20260920_110731.log;trace_20260920070336.jsonl;trace_20260920061628.jsonl
20260920,151147,玩家D,abnormal,1.35.0,ad_20260920_111117.log;trace_20260920070337.jsonl
20260920,152458,玩家F,nolock,1.35.0,ad_20260920_110731.log
20260920,152639,玩家D,nolock,1.35.0,ad_20260920_111117.log
20260920,153608,玩家D,nolock,1.35.0,ad_20260920_111117.log
20260920,153642,玩家A,nolock,1.35.0,ad_20260920_105931.log
20260920,154339,玩家A,nolock,1.35.0,ad_20260920_105931.log
20260920,154842,玩家F,nolock,1.35.0,ad_20260920_110731.log
20260920,161149,玩家H,nolock,1.35.0,ad_20260920_103439.log
20260920,164013,玩家H,nolock,1.35.0,ad_20260920_103439.log
20260920,165953,玩家H,nolock,1.35.0,ad_20260920_103439.log
20260920,170811,玩家H,nolock,1.35.0,ad_20260920_103439.log
20260920,173058,玩家H,nolock,1.35.0,ad_20260920_103439.log
20260920,175734,玩家G,abnormal,1.33.0,ad_20260920_174912.log;trace_20260920094955.jsonl
20260920,180134,玩家H,nolock,1.35.0,ad_20260920_103439.log
20260920,180700,玩家F,nolock,1.35.0,ad_20260920_110731.log
20260920,181007,玩家H,nolock,1.35.0,ad_20260920_103439.log
20260920,181211,玩家F,nolock,1.35.0,ad_20260920_110731.log
20260920,181910,玩家H,nolock,1.35.0,ad_20260920_103439.log
20260920,182736,玩家H,nolock,1.35.0,ad_20260920_103439.log
20260920,183154,玩家F,nolock,1.35.0,ad_20260920_110731.log
20260920,183735,玩家G,nolock,1.33.0,ad_20260920_174912.log
20260920,183744,玩家F,nolock,1.35.0,ad_20260920_110731.log
20260920,184846,玩家H,nolock,1.35.0,ad_20260920_103439.log
20260920,184847,玩家G,abnormal,1.33.0,ad_20260920_174912.log;trace_20260920104116.jsonl
20260920,190536,玩家F,nolock,1.35.0,ad_20260920_110731.log
20260920,192437,玩家F,nolock,1.35.0,ad_20260920_110731.log
20260920,192553,玩家D,nolock,1.35.0,ad_20260920_111117.log
20260920,193516,玩家A,draft,1.35.0,ad_20260920_192735.log;trace_20260920112744.jsonl
20260920,193522,玩家D,abnormal,1.35.0,ad_20260920_111117.log;trace_20260920112836.jsonl;trace_20260920112726.jsonl
20260920,193527,玩家F,draft,1.35.0,ad_20260920_110731.log;trace_20260920112722.jsonl
20260920,194945,玩家D,nolock,1.35.0,ad_20260920_111117.log
20260920,200028,玩家A,nolock,1.35.0,ad_20260920_192735.log
20260920,200032,玩家D,nolock,1.35.0,ad_20260920_111117.log
20260920,200349,玩家F,nolock,1.35.0,ad_20260920_110731.log
20260920,200438,玩家G,abnormal,1.33.0,ad_20260920_174912.log;trace_20260920115646.jsonl
20260920,200946,玩家G,nolock,1.33.0,ad_20260920_174912.log
20260920,201946,玩家G,nolock,1.33.0,ad_20260920_174912.log
20260920,202303,玩家F,nolock,1.37.0,ad_20260920_201210.log
20260920,202747,玩家G,nolock,1.33.0,ad_20260920_174912.log
20260920,204118,玩家A,draft,1.35.0,ad_20260920_192735.log;trace_20260920123341.jsonl
20260920,204123,玩家F,draft,1.37.0,ad_20260920_201210.log;trace_20260920123321.jsonl
20260920,205253,玩家G,nolock,1.33.0,ad_20260920_174912.log;trace_20260920123426.jsonl
20260920,205817,玩家A,nolock,1.35.0,ad_20260920_192735.log
20260920,210225,玩家G,nolock,1.33.0,ad_20260920_174912.log
20260920,210411,玩家A,nolock,1.35.0,ad_20260920_192735.log
20260920,210451,玩家F,nolock,1.37.0,ad_20260920_201210.log
20260920,212023,玩家F,nolock,1.37.0,ad_20260920_201210.log
20260920,213121,玩家A,draft,1.37.0,ad_20260920_211607.log;trace_20260920132329.jsonl
20260920,213127,玩家F,draft,1.37.0,ad_20260920_201210.log;trace_20260920132323.jsonl
20260920,213135,玩家H,draft,1.37.0,ad_20260920_202919.log;trace_20260920132325.jsonl;trace_20260920123322.jsonl
20260920,213309,玩家G,nolock,1.33.0,ad_20260920_174912.log
20260920,213634,玩家A,nolock,1.37.0,ad_20260920_211607.log;trace_20260920132329.jsonl
20260920,214007,玩家F,nolock,1.37.0,ad_20260920_201210.log
20260920,214808,玩家A,nolock,1.37.0,ad_20260920_211607.log
20260920,215010,玩家H,nolock,1.37.0,ad_20260920_202919.log;trace_20260920132325.jsonl
20260920,215130,玩家G,nolock,1.33.0,ad_20260920_174912.log
20260920,220518,玩家A,nolock,1.37.0,ad_20260920_211607.log
20260920,221120,玩家F,nolock,1.37.0,ad_20260920_201210.log
20260920,221159,玩家A,nolock,1.37.0,ad_20260920_211607.log
20260920,221255,玩家G,nolock,1.33.0,ad_20260920_174912.log
20260920,222208,玩家A,draft,1.37.0,ad_20260920_211607.log;trace_20260920141410.jsonl
20260920,222515,玩家G,nolock,1.33.0,ad_20260920_174912.log
20260920,222856,玩家H,nolock,1.37.0,ad_20260920_202919.log;trace_20260920141412.jsonl
20260920,223433,玩家A,nolock,1.37.0,ad_20260920_211607.log;trace_20260920141410.jsonl
20260920,223610,玩家F,nolock,1.37.0,ad_20260920_201210.log;trace_20260920141408.jsonl
20260920,224645,玩家G,nolock,1.33.0,ad_20260920_174912.log
20260920,224750,玩家A,nolock,1.37.0,ad_20260920_211607.log
20260920,224810,玩家F,nolock,1.37.0,ad_20260920_201210.log
20260920,224829,玩家H,nolock,1.37.0,ad_20260920_202919.log
20260920,230821,玩家F,nolock,1.37.0,ad_20260920_201210.log
20260920,231857,玩家H,abnormal,1.37.0,ad_20260920_202919.log;trace_20260920151320.jsonl
20260920,232119,玩家A,draft,1.37.0,ad_20260920_211607.log;trace_20260920151321.jsonl
20260920,232120,玩家D,draft,1.35.0,ad_20260920_231333.log;trace_20260920151340.jsonl
20260920,232451,玩家H,nolock,1.37.0,ad_20260920_202919.log
20260920,232705,玩家D,nolock,1.35.0,ad_20260920_231333.log
20260920,232705,玩家A,nolock,1.37.0,ad_20260920_211607.log;trace_20260920151321.jsonl
20260920,234438,玩家H,nolock,1.37.0,ad_20260920_202919.log
20260920,235035,玩家A,nolock,1.37.0,ad_20260920_211607.log
20260920,235328,玩家H,nolock,1.37.0,ad_20260920_202919.log
20260920,235407,玩家D,nolock,1.35.0,ad_20260920_231333.log
20260921,000825,玩家H,nolock,1.37.0,ad_20260920_202919.log
20260921,001005,玩家D,nolock,1.35.0,ad_20260920_231333.log
20260921,005816,玩家H,nolock,1.37.0,ad_20260920_202919.log
20260921,130316,玩家D,draft,1.37.0,ad_20260921_125314.log;trace_20260921045515.jsonl
20260921,133917,玩家D,nolock,1.37.0,ad_20260921_125314.log;trace_20260921045515.jsonl
20260921,133917,玩家H,nolock,1.37.0,ad_20260921_133449.log
20260921,135154,玩家D,draft,1.37.0,ad_20260921_125314.log;trace_20260921054358.jsonl
20260921,135155,玩家H,draft,1.37.0,ad_20260921_133449.log;trace_20260921054357.jsonl
20260921,140404,玩家D,nolock,1.37.0,ad_20260921_125314.log
20260921,140450,玩家H,nolock,1.37.0,ad_20260921_133449.log
20260921,141427,玩家H,nolock,1.37.0,ad_20260921_133449.log
20260921,142512,玩家H,nolock,1.37.0,ad_20260921_133449.log
20260921,142714,玩家D,nolock,1.37.0,ad_20260921_125314.log
20260921,144512,玩家H,nolock,1.37.0,ad_20260921_133449.log
20260921,154110,玩家D,nolock,1.37.0,ad_20260921_125314.log
20260921,155110,玩家D,abnormal,1.37.0,ad_20260921_125314.log;trace_20260921074441.jsonl
20260921,160148,玩家D,draft,1.37.0,ad_20260921_125314.log;trace_20260921075344.jsonl;trace_20260921074441.jsonl
20260921,170210,玩家D,nolock,1.37.0,ad_20260921_125314.log
20260921,171158,玩家D,abnormal,1.37.0,ad_20260921_125314.log;trace_20260921090355.jsonl
20260921,175000,玩家D,nolock,1.37.0,ad_20260921_125314.log
20260921,175525,玩家D,nolock,1.37.0,ad_20260921_125314.log
20260921,180914,玩家D,abnormal,1.37.0,ad_20260921_125314.log;trace_20260921100136.jsonl;trace_20260921100118.jsonl
20260921,184436,玩家D,nolock,1.37.0,ad_20260921_125314.log
20260921,202802,玩家A,nolock,1.37.0,ad_20260921_192529.log
20260921,204518,玩家A,nolock,1.37.0,ad_20260921_192529.log
20260921,205816,玩家A,nolock,1.37.0,ad_20260921_192529.log
20260921,211513,玩家J,nolock,1.37.0,ad_20260921_211210.log
20260921,214540,玩家H,nolock,1.37.0,ad_20260921_133449.log;trace_20260921132330.jsonl
20260921,220833,玩家H,nolock,1.37.0,ad_20260921_133449.log
20260921,221228,玩家K,nolock,1.32.0,ad_20260921_220825.log
20260921,221757,玩家K,nolock,1.32.0,ad_20260921_220825.log
20260921,221823,玩家H,nolock,1.37.0,ad_20260921_133449.log
20260921,222800,玩家L,draft,1.37.0,ad_20260921_213746.log;trace_20260921142025.jsonl
20260921,222816,玩家H,abnormal,1.37.0,ad_20260921_133449.log;trace_20260921142012.jsonl
20260921,222859,玩家D,draft,1.37.0,ad_20260921_220824.log;trace_20260921141959.jsonl
20260921,222955,玩家K,draft,1.32.0,ad_20260921_220825.log;trace_20260921142024.jsonl
20260921,223842,玩家K,nolock,1.32.0,ad_20260921_220825.log
20260921,224329,玩家H,nolock,1.37.0,ad_20260921_133449.log
20260921,225114,玩家D,nolock,1.37.0,ad_20260921_220824.log
20260921,225408,玩家A,nolock,1.37.0,ad_20260921_192529.log;trace_20260921142045.jsonl;trace_20260921132507.jsonl;trace_20260921132424.jsonl
20260921,225633,玩家H,nolock,1.37.0,ad_20260921_133449.log
20260921,230722,玩家L,draft,1.37.0,ad_20260921_213746.log;trace_20260921145914.jsonl;trace_20260921142025.jsonl
20260921,230722,玩家K,draft,1.32.0,ad_20260921_220825.log;trace_20260921145917.jsonl
20260921,230723,玩家H,abnormal,1.37.0,ad_20260921_133449.log;trace_20260921145914.jsonl
20260921,230730,玩家A,draft,1.37.0,ad_20260921_192529.log;trace_20260921150004.jsonl
20260921,230746,玩家D,abnormal,1.37.0,ad_20260921_220824.log;trace_20260921145918.jsonl
20260921,231305,玩家K,nolock,1.32.0,ad_20260921_220825.log
20260921,231934,玩家A,nolock,1.37.0,ad_20260921_192529.log
20260921,232138,玩家D,nolock,1.37.0,ad_20260921_220824.log;trace_20260921145918.jsonl
20260921,232422,玩家L,nolock,1.37.0,ad_20260921_213746.log
20260921,232521,玩家K,nolock,1.32.0,ad_20260921_220825.log
20260921,232724,玩家D,nolock,1.37.0,ad_20260921_220824.log
20260921,232844,玩家H,nolock,1.37.0,ad_20260921_133449.log
20260921,233202,玩家K,nolock,1.32.0,ad_20260921_220825.log
20260921,233225,玩家A,nolock,1.37.0,ad_20260921_192529.log
20260921,233638,玩家L,nolock,1.37.0,ad_20260921_213746.log
20260921,233715,玩家K,nolock,1.32.0,ad_20260921_220825.log
20260921,234741,玩家H,nolock,1.37.0,ad_20260921_133449.log
20260921,235340,玩家K,nolock,1.32.0,ad_20260921_220825.log
20260921,235733,玩家D,nolock,1.37.0,ad_20260921_220824.log
20260921,235744,玩家L,nolock,1.37.0,ad_20260921_213746.log
20260922,000101,玩家K,nolock,1.32.0,ad_20260921_220825.log
20260922,000940,玩家A,abnormal,1.37.0,ad_20260921_192529.log;trace_20260921160218.jsonl
20260922,000943,玩家K,abnormal,1.32.0,ad_20260921_220825.log;trace_20260921160148.jsonl
20260922,000944,玩家L,draft,1.37.0,ad_20260921_213746.log;trace_20260921160125.jsonl
20260922,003409,玩家A,nolock,1.37.0,ad_20260921_192529.log
20260922,003420,玩家K,nolock,1.32.0,ad_20260921_220825.log
20260922,003657,玩家L,nolock,1.37.0,ad_20260921_213746.log
20260922,004242,玩家A,nolock,1.37.0,ad_20260921_192529.log
20260922,004403,玩家L,nolock,1.37.0,ad_20260921_213746.log
20260922,004552,玩家K,nolock,1.32.0,ad_20260921_220825.log
20260922,005651,玩家K,nolock,1.32.0,ad_20260921_220825.log
20260922,124858,玩家D,draft,1.37.0,ad_20260922_123421.log;trace_20260922044101.jsonl
20260922,125940,玩家D,draft,1.37.0,ad_20260922_123421.log;trace_20260922045141.jsonl
20260922,134523,玩家D,nolock,1.37.0,ad_20260922_123421.log
20260922,150407,玩家D,draft,1.37.0,ad_20260922_123421.log;trace_20260922065610.jsonl
20260922,153829,玩家D,nolock,1.37.0,ad_20260922_123421.log
20260922,155500,玩家D,abnormal,1.37.0,ad_20260922_123421.log;trace_20260922074703.jsonl
20260922,161559,玩家D,nolock,1.37.0,ad_20260922_123421.log
20260922,215011,玩家J,nolock,1.37.0,ad_20260922_212311.log;trace_20260922132331.jsonl
20260922,215519,玩家E,nolock,1.37.0,ad_20260922_212011.log;trace_20260922132331.jsonl
20260922,220650,玩家E,nolock,1.37.0,ad_20260922_212011.log
20260922,225519,玩家H,nolock,1.37.0,ad_20260922_215549.log;trace_20260922140907.jsonl
20260922,230523,玩家H,draft,1.37.0,ad_20260922_215549.log;trace_20260922145536.jsonl
20260922,230527,玩家F,draft,1.37.0,ad_20260922_224304.log;trace_20260922145538.jsonl
20260922,231208,玩家F,nolock,1.37.0,ad_20260922_224304.log
20260922,231255,玩家H,nolock,1.37.0,ad_20260922_215549.log
20260922,231848,玩家H,nolock,1.37.0,ad_20260922_215549.log
20260922,232701,玩家F,nolock,1.37.0,ad_20260922_224304.log
20260922,234638,玩家H,nolock,1.37.0,ad_20260922_215549.log
20260922,235032,玩家F,nolock,1.37.0,ad_20260922_224304.log
20260922,235415,玩家E,nolock,1.37.0,ad_20260922_212011.log;trace_20260922145647.jsonl;trace_20260922141014.jsonl
20260922,235629,玩家H,nolock,1.37.0,ad_20260922_215549.log
20260922,235712,玩家F,nolock,1.37.0,ad_20260922_224304.log
20260923,000318,玩家E,nolock,1.37.0,ad_20260922_212011.log
20260923,000422,玩家D,nolock,1.37.0,ad_20260922_235927.log
20260923,001148,玩家D,abnormal,1.37.0,ad_20260922_235927.log;trace_20260922160536.jsonl
20260923,001522,玩家F,draft,1.37.0,ad_20260922_224304.log;trace_20260922160532.jsonl
20260923,001527,玩家E,draft,1.37.0,ad_20260922_212011.log;trace_20260922160645.jsonl
20260923,002011,玩家A,nolock,1.37.0,ad_20260922_212206.log;trace_20260922160532.jsonl;trace_20260922145539.jsonl;trace_20260922140912.jsonl;trace_20260922132223.jsonl
20260923,002039,玩家D,nolock,1.37.0,ad_20260922_235927.log;trace_20260922160536.jsonl
20260923,002606,玩家F,nolock,1.37.0,ad_20260922_224304.log
20260923,002607,玩家E,nolock,1.37.0,ad_20260922_212011.log
20260923,002932,玩家A,nolock,1.37.0,ad_20260922_212206.log
20260923,003609,玩家D,nolock,1.37.0,ad_20260922_235927.log
20260923,003638,玩家F,nolock,1.37.0,ad_20260922_224304.log
20260923,004635,玩家H,nolock,1.37.0,ad_20260922_215549.log;trace_20260922160530.jsonl
20260923,004701,玩家D,nolock,1.37.0,ad_20260922_235927.log
20260923,005218,玩家D,nolock,1.37.0,ad_20260922_235927.log
20260923,005340,玩家H,nolock,1.37.0,ad_20260922_215549.log
20260923,010257,玩家H,nolock,1.37.0,ad_20260922_215549.log
20260923,010551,玩家D,nolock,1.37.0,ad_20260922_235927.log
20260923,011733,玩家D,nolock,1.37.0,ad_20260922_235927.log
20260923,011804,玩家H,nolock,1.37.0,ad_20260922_215549.log
20260923,014749,玩家D,nolock,1.37.0,ad_20260922_235927.log
20260923,015344,玩家D,nolock,1.37.0,ad_20260922_235927.log
20260923,131301,玩家D,abnormal,1.37.0,ad_20260923_125947.log;trace_20260923050711.jsonl
20260923,132804,玩家D,nolock,1.37.0,ad_20260923_125947.log
20260923,134854,玩家D,nolock,1.37.0,ad_20260923_125947.log
20260923,135801,玩家D,draft,1.37.0,ad_20260923_125947.log;trace_20260923054958.jsonl
20260923,140820,玩家D,nolock,1.37.0,ad_20260923_125947.log
20260923,141709,玩家D,nolock,1.37.0,ad_20260923_125947.log
20260923,143642,玩家D,draft,1.37.0,ad_20260923_125947.log;trace_20260923062844.jsonl
20260923,151032,玩家D,nolock,1.37.0,ad_20260923_125947.log
20260923,152945,玩家D,draft,1.38.0,ad_20260923_151754.log;trace_20260923072147.jsonl
20260923,155800,玩家D,nolock,1.38.0,ad_20260923_151754.log;trace_20260923072147.jsonl
20260923,174354,玩家D,nolock,1.38.0,ad_20260923_173811.log
20260923,180622,玩家D,nolock,1.38.0,ad_20260923_173811.log
20260923,183254,玩家D,nolock,1.38.0,ad_20260923_173811.log
20260923,210433,玩家H,nolock,1.38.0,ad_20260923_205638.log
20260923,211347,玩家D,abnormal,1.38.0,ad_20260923_205805.log;trace_20260923130718.jsonl
20260923,211350,玩家H,abnormal,1.38.0,ad_20260923_205638.log;trace_20260923130719.jsonl
20260923,211523,玩家A,draft,1.38.0,ad_20260923_205904.log;trace_20260923130719.jsonl
20260923,212136,玩家D,nolock,1.38.0,ad_20260923_205805.log;trace_20260923130718.jsonl
20260923,214056,玩家H,nolock,1.38.0,ad_20260923_205638.log
20260923,214114,玩家A,nolock,1.38.0,ad_20260923_205904.log;trace_20260923130719.jsonl
20260923,214648,玩家E,nolock,1.38.0,ad_20260923_214149.log
20260923,214712,玩家H,nolock,1.38.0,ad_20260923_205638.log
20260923,214904,玩家D,nolock,1.38.0,ad_20260923_205805.log
20260923,215702,玩家D,nolock,1.38.0,ad_20260923_205805.log
20260923,220510,玩家A,abnormal,1.38.0,ad_20260923_205904.log;trace_20260923135830.jsonl
20260923,220525,玩家D,draft,1.38.0,ad_20260923_205805.log;trace_20260923135835.jsonl
20260923,220642,玩家J,draft,1.38.0,ad_20260923_214423.log;trace_20260923135832.jsonl
20260923,220647,玩家H,draft,1.38.0,ad_20260923_205638.log;trace_20260923135833.jsonl
20260923,220657,玩家E,draft,1.38.0,ad_20260923_214149.log;trace_20260923135945.jsonl
20260923,221158,玩家H,nolock,1.38.0,ad_20260923_205638.log
20260923,223007,玩家J,nolock,1.38.0,ad_20260923_214423.log
20260923,223106,玩家A,nolock,1.38.0,ad_20260923_205904.log
20260923,223221,玩家D,nolock,1.38.0,ad_20260923_205805.log;trace_20260923135835.jsonl
20260923,223933,玩家E,nolock,1.38.0,ad_20260923_214149.log
20260923,223940,玩家A,nolock,1.38.0,ad_20260923_205904.log
20260923,223954,玩家J,nolock,1.38.0,ad_20260923_214423.log
20260923,223959,玩家H,nolock,1.38.0,ad_20260923_205638.log
20260923,224416,玩家D,nolock,1.38.0,ad_20260923_205805.log
20260923,225227,玩家A,draft,1.38.0,ad_20260923_205904.log;trace_20260923144444.jsonl
20260923,225246,玩家E,draft,1.38.0,ad_20260923_214149.log;trace_20260923144552.jsonl
20260923,225246,玩家H,draft,1.38.0,ad_20260923_205638.log;trace_20260923144448.jsonl
20260923,225248,玩家F,draft,1.38.0,ad_20260923_222303.log;trace_20260923144446.jsonl
20260923,230413,玩家H,nolock,1.38.0,ad_20260923_205638.log
20260923,230718,玩家A,nolock,1.38.0,ad_20260923_205904.log
20260923,231656,玩家H,nolock,1.38.0,ad_20260923_205638.log
20260923,231757,玩家A,nolock,1.38.0,ad_20260923_205904.log
20260923,232925,玩家F,nolock,1.38.0,ad_20260923_222303.log
20260923,234839,玩家E,nolock,1.38.0,ad_20260923_214149.log
20260923,234848,玩家F,nolock,1.38.0,ad_20260923_222303.log
20260923,235616,玩家F,nolock,1.38.0,ad_20260923_222303.log
20260923,235632,玩家E,nolock,1.38.0,ad_20260923_214149.log
20260923,235633,玩家H,nolock,1.38.0,ad_20260923_205638.log
20260923,235638,玩家A,nolock,1.38.0,ad_20260923_205904.log
20260924,000824,玩家F,draft,1.38.0,ad_20260923_222303.log;trace_20260923160104.jsonl
20260924,000826,玩家E,draft,1.38.0,ad_20260923_214149.log;trace_20260923160207.jsonl
20260924,001159,玩家F,nolock,1.38.0,ad_20260924_000837.log;trace_20260923160104.jsonl
20260924,001225,玩家E,nolock,1.38.0,ad_20260924_000951.log;trace_20260923160207.jsonl
20260924,001417,玩家A,nolock,1.38.0,ad_20260924_000829.log;trace_20260923160105.jsonl
20260924,001638,玩家H,nolock,1.38.0,ad_20260924_000854.log;trace_20260923160100.jsonl
20260924,002658,玩家L,draft,1.38.0,ad_20260924_001504.log;trace_20260923161907.jsonl
20260924,002658,玩家H,draft,1.38.0,ad_20260924_000854.log;trace_20260923161859.jsonl
20260924,002659,玩家F,draft,1.38.0,ad_20260924_000837.log;trace_20260923161902.jsonl
20260924,002659,玩家A,draft,1.38.0,ad_20260924_000829.log;trace_20260923161909.jsonl
20260924,002710,玩家E,draft,1.38.0,ad_20260924_000951.log;trace_20260923162005.jsonl
20260924,003213,玩家H,nolock,1.38.0,ad_20260924_000854.log
20260924,003325,玩家A,nolock,1.38.0,ad_20260924_000829.log;trace_20260923161909.jsonl
20260924,003526,玩家E,nolock,1.38.0,ad_20260924_000951.log
20260924,004348,玩家F,nolock,1.38.0,ad_20260924_000837.log
20260924,004911,玩家E,nolock,1.38.0,ad_20260924_000951.log
20260924,005218,玩家L,nolock,1.38.0,ad_20260924_001504.log
20260924,005405,玩家H,nolock,1.38.0,ad_20260924_000854.log
20260924,005836,玩家F,nolock,1.38.0,ad_20260924_000837.log
20260924,010323,玩家H,nolock,1.38.0,ad_20260924_000854.log
20260924,135051,玩家D,manual,1.38.0,ad_20260924_135004.log
20260924,135302,玩家D,nolock,1.38.0,ad_20260924_135004.log
20260924,150926,玩家D,prevcrash,1.38.0,ad_20260924_150839.log
20260924,152242,玩家D,draft,1.39.1,ad_20260924_150855.log;trace_20260924071439.jsonl
20260924,153647,玩家D,nolock,1.39.1,ad_20260924_150855.log
20260924,154812,玩家D,nolock,1.39.1,ad_20260924_150855.log
